{
    "consumption_yearly": 14364.0,
    "consumption_by_month": [
        1502.8033447265625,
        1245.29833984375,
        1233.1331787109375,
        1069.3863525390625,
        977.4872436523438,
        876.5669555664062,
        946.2865600585938,
        1061.7740478515625,
        1152.220947265625,
        1330.342529296875,
        1414.718017578125,
        1553.9825439453125
    ],
    "consumption_by_week": [
        351.6446228027344,
        347.1728210449219,
        338.28912353515625,
        330.1721496582031,
        324.9427795410156,
        318.70489501953125,
        312.0647888183594,
        305.8653869628906,
        295.3726806640625,
        289.1731872558594,
        280.29962158203125,
        272.7129821777344,
        265.0475158691406,
        262.3493347167969,
        255.7876434326172,
        243.17762756347656,
        242.20355224609375,
        232.0840606689453,
        228.34864807128906,
        220.7989959716797,
        212.509765625,
        209.91836547851562,
        206.69606018066406,
        205.10073852539062,
        204.0030975341797,
        205.17140197753906,
        208.19407653808594,
        213.3135223388672,
        215.163818359375,
        220.1946563720703,
        228.8607635498047,
        233.8017120361328,
        239.6122589111328,
        246.6151580810547,
        254.99172973632812,
        259.78936767578125,
        265.7475891113281,
        277.00726318359375,
        280.7591552734375,
        284.7473449707031,
        295.03546142578125,
        305.4748840332031,
        311.2784423828125,
        321.3426208496094,
        319.5880126953125,
        337.69329833984375,
        333.4515686035156,
        345.9779968261719,
        343.93853759765625,
        353.8264465332031,
        354.1643981933594,
        353.8180236816406
    ],
    "consumption_by_day": [
        51.242700141107356,
        49.45547221342219,
        50.940054920426576,
        49.291793699374395,
        51.10752217431913,
        49.265890941482596,
        49.348714737036694,
        49.089847214500374,
        49.21983775931742,
        50.11338605761498,
        47.89672758539018,
        50.210032248534326,
        49.74576082502802,
        49.904777224120835,
        47.607593966715854,
        49.159942592742006,
        48.05970002508224,
        49.53872690530401,
        47.35299404856377,
        48.83035878381033,
        46.74735980737506,
        47.190483076724384,
        47.37894730217213,
        46.904846391641094,
        46.82174164570454,
        46.023455659675655,
        48.32638306611677,
        46.53382636781655,
        45.8015350498202,
        47.120285320541115,
        46.572635833941746,
        47.35934636068722,
        45.77484080302029,
        45.73239177656489,
        45.589290816219695,
        44.64004409832413,
        46.01010119447248,
        45.451800498043234,
        46.03608396497448,
        46.123028630280906,
        44.48427779930118,
        44.96710551649336,
        45.205178180277976,
        43.89430778372094,
        44.930834443202905,
        43.39930525377582,
        45.37174029146576,
        44.864610385894316,
        43.40634627059537,
        43.672269449990495,
        43.94493960310524,
        44.49806060730979,
        44.316398728590116,
        43.37466934627348,
        42.63988511935296,
        42.426700411202454,
        43.587469215483836,
        41.75980846485681,
        41.837481606086435,
        42.39788779462219,
        41.71680939349039,
        42.29300222975148,
        40.78774806409187,
        42.53602111953235,
        40.832697054134464,
        41.765627761271475,
        39.887171776048945,
        39.64842075804436,
        41.8592876993924,
        41.651513591715926,
        40.76350378981774,
        40.379083212577484,
        40.69089480194201,
        39.325059021281284,
        39.18183850559488,
        40.446923822916595,
        38.51986812029531,
        40.58897305634999,
        39.84575762207896,
        38.22831776322955,
        39.14943334967221,
        37.705629857413406,
        38.42161838834586,
        37.780779797878395,
        37.32714649537003,
        38.12969245519985,
        38.82284595414849,
        37.580256266874976,
        36.920821720581586,
        37.94857528756493,
        37.325727166094325,
        37.84561676508396,
        38.09594347147649,
        37.55639508787055,
        36.334371827719906,
        37.46707818695365,
        37.54297978349899,
        36.514479280693955,
        37.58324938264856,
        35.86363985439459,
        36.475179258132925,
        36.499528841029075,
        36.750247849552906,
        36.236128053826256,
        35.38720561516982,
        34.7946805289538,
        34.45537743014468,
        34.65616398971725,
        33.96025012354784,
        35.245392105609646,
        35.475064661109485,
        33.59823425443181,
        35.378722918709066,
        35.427958362773005,
        33.20777835492256,
        35.09620579210716,
        34.55052523967476,
        34.80262849991552,
        32.74727590621435,
        32.512303863273786,
        34.0510792323684,
        32.56999436640378,
        33.46914747988032,
        34.06037971872621,
        31.886231288132723,
        32.542469205784016,
        32.36744292933533,
        32.8570891715522,
        31.908304166195943,
        32.630815521827266,
        33.02225791447484,
        32.43621884072283,
        32.1340577137649,
        31.472137341434834,
        30.982656289089174,
        31.880740947708986,
        32.350805982178656,
        31.159109069427615,
        30.7376213126552,
        31.223455277206234,
        30.53914227755718,
        29.876276387064607,
        29.69750246651681,
        30.415278447964436,
        30.76221900453962,
        29.57140066714091,
        30.6554803716099,
        30.00359255108492,
        30.599982782167583,
        29.90136218950132,
        29.723010786953832,
        29.10306199251811,
        30.345789876578138,
        29.249099691674076,
        28.78640485437293,
        29.959138003548297,
        30.291342756261304,
        29.78783746822747,
        29.180524364465654,
        29.276301641995236,
        28.422042064502794,
        28.84017003025691,
        29.594258676973702,
        30.00027551598349,
        28.702754457157194,
        28.74634181704405,
        28.52536933097737,
        29.699103583114795,
        29.799768632224215,
        28.830918127357872,
        29.786465222692666,
        28.42247483371996,
        28.259341192696645,
        29.254794565020134,
        28.65686524232035,
        29.009655183704844,
        29.381330787888537,
        28.75203676226547,
        29.94130555336677,
        28.525558036937547,
        29.436637814806563,
        29.132420118656274,
        29.22227962286107,
        28.79540804217317,
        30.445944003548654,
        30.298265227411544,
        29.686696465923667,
        30.088356433553027,
        28.664671121257893,
        30.061898171845186,
        30.338828850905028,
        29.991449214241175,
        29.9537705053896,
        30.474483260092725,
        30.179475588967247,
        31.321160767933982,
        30.064095354997377,
        31.034992310825047,
        29.850513036044095,
        30.299420383480015,
        31.430873978890972,
        30.359078476538322,
        31.132378568428305,
        31.86242147374617,
        32.32007852753965,
        30.43744301351173,
        31.070991748609845,
        31.03224957188875,
        31.349265852099464,
        31.129746464564285,
        31.326384073953346,
        32.931503434338765,
        31.936145849058796,
        31.99727673119298,
        33.44721236410613,
        32.701651265508595,
        33.52813062475365,
        33.626917460761426,
        32.35927485346006,
        32.883412293840934,
        33.388290690283554,
        33.52525859267593,
