{
    "consumption_yearly": 37620.0,
    "consumption_by_month": [
        3951.353515625,
        3257.050048828125,
        3237.38671875,
        2780.66650390625,
        2548.71484375,
        2295.7939453125,
        2476.542236328125,
        2782.26904296875,
        3002.265380859375,
        3483.614501953125,
        3729.706787109375,
        4074.636962890625
    ],
    "consumption_by_week": [
        918.787109375,
        917.8030395507812,
        889.1868896484375,
        868.9210815429688,
        861.79541015625,
        835.7132568359375,
        810.35205078125,
        791.4668579101562,
        774.9343872070312,
        752.2218017578125,
        744.8693237304688,
        711.8350830078125,
        695.3485107421875,
        678.6237182617188,
        662.5455322265625,
        638.8478393554688,
        629.6929931640625,
        610.8644409179688,
        583.0860595703125,
        572.4141235351562,
        558.7462768554688,
        558.0274658203125,
        536.3126831054688,
        539.2575073242188,
        528.80419921875,
        542.9912719726562,
        535.6492309570312,
        557.9042358398438,
        570.8884887695312,
        577.4637451171875,
        595.7261962890625,
        610.6491088867188,
        631.8596801757812,
        647.918701171875,
        667.829833984375,
        681.6326293945312,
        694.7918090820312,
        712.4195556640625,
        730.0291137695312,
        757.1514892578125,
        768.92822265625,
        795.3724365234375,
        821.364990234375,
        840.9590454101562,
        856.7975463867188,
        868.83154296875,
        884.6897583007812,
        898.760009765625,
        919.3154296875,
        912.4502563476562,
        937.3438720703125,
        929.8233032226562
    ],
    "consumption_by_day": [
        128.26079927332253,
        129.87412659883256,
        134.10854248650398,
        130.82512421087506,
        127.11916981377037,
        133.66966264881805,
        132.46381007850735,
        132.16459396426316,
        129.62777464178546,
        131.40337076417043,
        131.8138265860516,
        128.6549267231506,
        130.57370961980246,
        131.09894944493445,
        125.81733222166669,
        125.07782642224431,
        128.52772159350891,
        125.0899062259535,
        127.37094094532435,
        128.8618560748315,
        125.97540556961417,
        123.62227294671654,
        125.0582424833476,
        127.36833908943983,
        120.99895158497873,
        120.37161569367308,
        125.00985636121662,
        124.02593078861726,
        121.2295942359729,
        120.66445177365304,
        124.624784390224,
        124.49099021823594,
        123.16857365925883,
        124.2745892374647,
        120.87653741410186,
        117.81500224872109,
        120.49925615476168,
        121.3779919525052,
        121.32672032583922,
        117.82782269106853,
        114.94305584929825,
        119.45751318378112,
        115.31083447091663,
        113.78898879277088,
        118.48221684546155,
        112.98640063336367,
        116.72770298216624,
        116.47590303852094,
        114.1141508927638,
        117.08231406680171,
        111.59529557420785,
        114.75130367085976,
        111.21754174665128,
        111.76655437195528,
        111.26480024226294,
        111.32315585998934,
        111.4521083356267,
        111.93444739238888,
        110.71822881006067,
        109.230086879536,
        110.76020417997549,
        109.95607101287267,
        108.41738844751131,
        108.51102492484665,
        106.63009119217855,
        105.57010495461938,
        108.86738363345407,
        104.02999935317094,
        107.78574700337145,
        108.36154791511603,
        106.76025742964083,
        104.10787738806754,
        106.34185000936668,
        107.7110127774312,
        104.14017331774963,
        106.71991272655701,
        106.62233437530901,
        103.19024020060513,
        103.13420512635919,
        101.52984008612168,
        99.5162017575102,
        101.98116374613187,
        101.82904293394385,
        98.1884999506246,
        98.14150659863935,
        98.63407004079637,
        101.5370693409031,
        99.18133830610873,
        99.37726944710312,
        100.62311722004695,
        95.3882683911703,
        101.01140794170107,
        95.18996635392156,
        94.28588653435943,
        96.2156024651436,
        97.01101035679294,
        98.06157081942172,
        94.38242083939271,
        97.46470865059457,
        94.83982213047037,
        94.22330933549507,
        96.60151358489068,
        91.44191734967832,
        95.41279857797856,
        90.09555593915606,
        91.42257389605521,
        93.82105534347554,
        89.64982047628246,
        89.7764380052106,
        93.05621371246131,
        89.31714218087323,
        89.33870251053891,
        88.87230262077202,
        89.937975702715,
        92.05133620491168,
        89.62721146607325,
        90.8384766141426,
        90.66341783647414,
        85.23640704308741,
        85.4316880255434,
        89.19946864124938,
        89.30522646738233,
        85.07837472160554,
        87.70995723441878,
        88.54946037803545,
        83.124359389887,
        85.50008080649026,
        84.17340405540821,
        81.68787090469424,
        86.10885674799523,
        81.50405931120557,
        81.22920764598344,
        80.41668790923221,
        81.95639905260833,
        80.18133720647006,
        82.38638592343275,
        83.77673986077245,
        82.7732847557529,
        79.49849177518789,
        79.37557684129311,
        78.7463707284967,
        77.70289035092614,
        82.029273498178,
        81.30737659930352,
        80.13921558145968,
        77.78726744492995,
        78.56797145045907,
        79.27207065018497,
        80.23216896080515,
        79.17239865045732,
        80.22259250028303,
        78.66259345587193,
        80.00875061540432,
        77.99099259903743,
        75.71013371735278,
        75.85002427385142,
        76.02527673801875,
        76.36501799687504,
        76.3705680470359,
        78.35588459558221,
        75.16988930034199,
        75.78316350461446,
        78.2550008670154,
        74.0164505130614,
        77.00219244784343,
        77.19071079855911,
        77.4294303713286,
        77.11466043987771,
        78.26173643850753,
        73.94824404528363,
        73.13007123588218,
        73.73607327331949,
        76.58221163863789,
        74.19796447679441,
        76.48203387362268,
        74.08030042926353,
        76.38765621625218,
        77.9788118793109,
        78.5375148091224,
        75.13713840551189,
        80.03348679913107,
        78.37050658194701,
        74.81108629137222,
        79.12400251330251,
        77.1644223294644,
        75.12451112923817,
        74.95354779287774,
        75.78106119138478,
        76.22471572997033,
        80.63884606242415,
        80.62489220819532,
        76.86059057984006,
        77.26096065925933,
        79.88719462789278,
        80.301142545857,
        79.86473542062463,
        81.2201358769099,
        79.94019809965447,
        79.50125547995424,
        82.79510195576151,
        80.1565159210712,
        81.50470992603842,
        83.3046844499958,
        79.4570889215458,
        80.01751285695673,
        84.95213941974086,
        82.30054082416015,
        82.50378383348271,
        84.59804405672448,
        81.16872884874103,
        82.58960149036325,
        83.53992133349364,
        83.31174530081363,
        85.1317577844668,
        82.44398531111008,
        88.16630487593197,
        88.07701573564933,
        87.67491998208115,
        84.44606392095912,
        85.93200347377167,
        84.13257327626448,
        86.68536257719363,
        89.633684626915,
        89.67864960116135,
        88.21722403188454,
        88.49838176603849,
        87.3530046278266,
