{
    "consumption_yearly": 37620.0,
    "consumption_by_month": [
        3937.4765625,
        3262.019775390625,
        3239.6416015625,
        2786.685302734375,
        2542.238525390625,
        2300.21923828125,
        2483.96044921875,
        2775.923095703125,
        3001.0107421875,
        3500.739990234375,
        3723.89990234375,
        4066.1845703125
    ],
    "consumption_by_week": [
        914.0516357421875,
        907.2442016601562,
        894.0848388671875,
        868.3245849609375,
        845.971923828125,
        841.4756469726562,
        821.35791015625,
        795.6219482421875,
        775.9515380859375,
        754.5377197265625,
        744.8507690429688,
        707.7709350585938,
        700.359130859375,
        683.440185546875,
        661.149169921875,
        641.647705078125,
        624.9710693359375,
        602.9010009765625,
        594.823974609375,
        568.5760498046875,
        556.5408325195312,
        553.724853515625,
        541.0147094726562,
        535.7164916992188,
        537.0420532226562,
        538.6856079101562,
        544.984375,
        555.7341918945312,
        567.5667114257812,
        578.738525390625,
        601.9635620117188,
        609.97021484375,
        633.2822875976562,
        641.3324584960938,
        663.2734375,
        681.976806640625,
        693.9019775390625,
        715.5115966796875,
        729.1712036132812,
        764.6640014648438,
        766.8203125,
        802.2599487304688,
        822.2706298828125,
        838.9971923828125,
        858.3516845703125,
        864.030029296875,
        889.454833984375,
        894.7205200195312,
        917.3798217773438,
        923.0824584960938,
        927.7718505859375,
        920.9534912109375
    ],
    "consumption_by_day": [
        133.0112386494585,
        128.1447057400679,
        130.5008042031318,
        134.1627849989162,
        128.90479724765962,
        128.51657553372763,
        128.24485016825855,
        130.42688523445293,
        130.18008761208998,
        130.58773629260983,
        125.5822565158191,
        127.24188964922926,
        131.0406185300268,
        129.61888883100534,
        124.0391192844427,
        129.91870545047718,
        130.43938910008254,
        127.12597771203612,
        126.83065314730135,
        126.85460277627253,
        126.31050934339527,
        124.27725288230077,
        123.70529124644374,
        121.30531676190523,
        124.80290910068673,
        124.26370450985713,
        124.82551155058063,
        122.57874679565292,
        123.46712695351043,
        121.29532791067805,
        119.27233290521407,
        118.20081309091705,
        118.14234181324392,
        119.28418397662564,
        123.74393945946899,
        119.671669536603,
        116.76807056622773,
        121.9713629141948,
        121.9774351342457,
        121.63244125293359,
        117.0054385769774,
        119.8833942939812,
        119.18976392792426,
        118.85323095324513,
        116.7272280386032,
        117.99731142569051,
        116.4986958876302,
        117.76437866355398,
        111.76143316244128,
        114.87102582058968,
        113.36200825299629,
        110.25530157914825,
        111.71075953522843,
        114.2386319613272,
        114.9807190984849,
        113.63762375223881,
        109.42837463123124,
        112.30976510958045,
        110.15239398232457,
        110.92668275153343,
        112.07562559985034,
        110.41298271811488,
        108.07987300584962,
        107.06559027884673,
        110.59557998264559,
        108.0416215207455,
        108.31173694708137,
        107.50281421386718,
        105.04346975845439,
        105.41104222751011,
        108.37104555853215,
        107.11667125596026,
        107.69906317630455,
        107.07485043891047,
        105.75237358867327,
        105.59413250875218,
        100.6767518438144,
        105.97669968910444,
        100.50708504791368,
        104.72534844005989,
        98.83210955703932,
        98.91796380001455,
        98.6133377054949,
        97.63254523634517,
        102.40343176779317,
        102.14412067714363,
        99.52664948876418,
        100.95224504066331,
        97.2458741915846,
        96.41238258466817,
        99.10854042882315,
        99.15726211421698,
        98.52814612607551,
        95.92096182531894,
        98.16209618856027,
        98.4994687869135,
        95.8282358814028,
        94.77813270124744,
        92.88960792440588,
        92.09475286001613,
        95.95203850651936,
        95.7047676227203,
        95.30407182530355,
        91.0475719075657,
        95.59052605564843,
        94.05897028282766,
        93.1758954277958,
        94.617153229188,
        88.70105878572144,
        90.66986722054618,
        88.69897449119289,
        89.15991426894959,
        90.95338381142687,
        89.93222137997518,
        87.85167033817761,
        88.5453943805357,
        89.39726803767856,
        89.9968906429839,
        85.72841067414176,
        86.63195763426212,
        88.53642624705013,
        87.33953882404268,
        84.70339741966635,
        83.65470993050224,
        84.95892820885618,
        84.51017310847593,
        83.7820985557101,
        85.1075909774383,
        85.51763509937182,
        86.26752951557164,
        84.2316782854085,
        84.35142430311204,
        83.00016016887581,
        81.55010996628981,
        82.50814434097059,
        81.87342041426471,
        82.01478057757822,
        80.24168988752723,
        79.37808208893036,
        78.44396695212438,
        79.26363467794893,
        82.28349659746901,
        77.30527042280029,
        79.67489904091987,
        76.8166864366741,
        79.34017473903086,
        79.29078348876905,
        80.21320272378442,
        80.40899536769074,
        77.45057376909018,
        78.21920912858991,
        77.84874577174595,
        79.78282892223454,
        77.23542959011573,
        78.2821321522911,
        77.71499828635598,
        77.45472412396526,
        74.30548640001571,
        76.28868381211436,
        78.39379372552676,
        76.00900555668885,
        74.0936134181696,
        77.95887569262472,
        77.3786654906169,
        76.20840249409403,
        74.18360098049224,
        78.05273146804856,
        75.27474592270553,
        75.2899722631849,
        74.25085324046701,
        78.12305131991923,
        74.6178433605521,
        78.28644089047447,
        76.97546563382981,
        76.93259848403031,
        76.92845558168048,
        74.38569761096211,
        78.37456032277638,
        76.80111648013855,
        75.78883634987221,
        76.99794546485558,
        76.8431341524363,
        77.87220014301961,
        79.07710267434112,
        77.64193456738955,
        75.81209688822082,
        75.95980694986105,
        76.48734432540469,
        79.5680152872241,
        80.66228466312286,
        76.29322759878187,
        79.97436520628179,
        78.68244987208502,
        81.2129591786772,
        77.9084573415417,
        78.4346049990973,
        81.49463666594531,
        79.13714461518244,
        81.30887915344847,
        81.84719684655396,
        78.77624246099263,
        79.06060398442929,
        83.37617768337361,
        84.53604278407899,
        81.15963273210593,
        81.83154837312273,
        81.6936678025161,
        81.57196053731501,
        82.0282534677131,
        83.35156893861469,
        83.77720889650531,
        86.57970842401967,
        85.64985640671685,
        83.19846889224247,
        84.12819756190905,
        87.57605217011243,
        88.48823751440432,
        84.19303619104971,
        86.88160767804064,
        85.61896458775294,
        85.59112625425702,
        90.02409862754199,
        87.83544420413018,
        87.26007782349416,
        90.79626742253444,
        86.72330621428708,
        89.60790342156768,
