{
    "consumption_yearly": 24624.0,
    "consumption_by_month": [
        2578.71728515625,
        2126.766845703125,
        2113.55078125,
        1830.611083984375,
        1670.91162109375,
        1495.721923828125,
        1614.340576171875,
        1828.7218017578125,
        1971.79833984375,
        2275.78564453125,
        2442.764404296875,
        2674.3095703125
    ],
    "consumption_by_week": [
        608.2252807617188,
        592.23828125,
        579.4708862304688,
        564.9529418945312,
        564.9630737304688,
        542.7169189453125,
        528.4445190429688,
        522.2516479492188,
        504.8367614746094,
        500.3771057128906,
        477.9634094238281,
        461.8571472167969,
        457.05963134765625,
        446.8080139160156,
        436.3042907714844,
        422.31134033203125,
        409.2546081542969,
        405.0726013183594,
        388.4043273925781,
        371.4290466308594,
        366.037353515625,
        357.2732849121094,
        353.2718811035156,
        347.3097839355469,
        348.4077453613281,
        352.5146179199219,
        352.0126647949219,
        364.1080017089844,
        368.6255187988281,
        376.9615173339844,
        392.47430419921875,
        399.285400390625,
        414.6234130859375,
        425.92742919921875,
        436.8287353515625,
        446.7556457519531,
        455.91607666015625,
        472.8018493652344,
        479.6095886230469,
        496.14202880859375,
        506.7973937988281,
        517.4995727539062,
        531.3405151367188,
        547.6678466796875,
        549.6397094726562,
        575.4248046875,
        586.1602783203125,
        591.7012939453125,
        604.103515625,
        609.0047607421875,
        607.8514404296875,
        604.98046875
    ],
    "consumption_by_day": [
        87.37650172093707,
        87.41927761129391,
        87.93655010766783,
        87.5827707846588,
        85.45657346667859,
        85.3873666038295,
        85.41118098444292,
        84.54486197497891,
        86.46485040610946,
        86.30204152520392,
        83.04961295864545,
        82.71145859163548,
        84.15212661872583,
        83.35831968956556,
        84.44491049435915,
        83.28140934449537,
        80.84301057143111,
        83.8369799343112,
        81.99639598753438,
        80.48520657560822,
        82.92796305838083,
        81.6689248544052,
        79.68717006739575,
        80.96895151584813,
        79.29563852342272,
        83.1898319371563,
        78.44259054560177,
        80.04481790698358,
        81.80301461333278,
        77.8877301008136,
        80.75926863212361,
        80.69784215134003,
        81.15090468901796,
        80.60407651902851,
        80.40518299609828,
        76.94184492558479,
        76.97726445304939,
        77.5845916663372,
        78.85349118548329,
        76.78154553066342,
        78.07089856970505,
        75.85225811229216,
        76.27647900864835,
        75.71944286624998,
        76.39791625406774,
        74.2444633860619,
        74.80265925825401,
        76.15788950804809,
        73.19066321075786,
        76.49886995593349,
        72.35604598969368,
        75.4896944014182,
        76.14770829958765,
        72.01745420238876,
        75.49364065565732,
        72.59322326893786,
        71.54045479598368,
        72.90378713852053,
        71.01657831195656,
        72.2298793667789,
        73.40765628772128,
        71.97671209058781,
        70.10666313236977,
        72.57160424364098,
        70.42053008884754,
        71.46508606128513,
        69.77899478694648,
        72.09159391322335,
        71.77599838786858,
        70.6182623014082,
        69.21795499138531,
        69.58105576858851,
        69.18833055369922,
        67.56218615598189,
        67.32040120476788,
        67.17513584792889,
        66.26331572929074,
        67.67065037413774,
        65.69856360140206,
        65.13680304129758,
        65.87907619440817,
        65.87409353473349,
        64.85732913782854,
        65.08559537204363,
        64.73469002374532,
        66.66477809073298,
        64.873397335598,
        65.35583967936164,
        64.3500367274184,
        64.61868163752153,
        64.80717980401707,
        63.80762432876921,
        64.94561586843597,
        63.808548413463484,
        62.67102207489335,
        63.58055711582596,
        64.14404790872733,
        62.195573860242526,
        61.88370073556392,
        62.48078807908766,
        62.646792889125535,
        61.83238055726036,
        61.37626859824029,
        62.32348176941148,
        62.105850999093576,
        62.61012108352704,
        59.400621640111915,
        62.14799624475425,
        60.13882911499945,
        57.76324076341922,
        61.08154117869236,
        57.51397106214563,
        58.29459482980034,
        60.477108073693195,
        58.79608952735803,
        57.34371650390911,
        57.60964733842794,
        59.188965272137125,
        55.88945339899056,
        57.745735661823964,
        58.70433752407038,
        58.696823090730604,
        55.84974119956196,
        57.473259554981375,
        57.73983409328517,
        57.20785423333388,
        57.324340483511165,
        57.19063860779975,
        54.400960653658196,
        53.498606684322986,
        55.579824749960096,
        53.11949754009255,
        55.63541569243462,
        53.67441528265928,
        54.861249578737656,
        52.20729487514666,
        53.54943964346176,
        51.79965910442004,
        51.448415349213256,
        52.233531498199085,
        51.39292995682022,
        52.189397447204584,
        51.64845916455218,
        51.33587495977908,
        52.907329995662515,
        51.567514283890716,
        53.34081743392624,
        50.62516542126257,
        52.37148102371505,
        51.79252061528748,
        49.54504960567181,
        49.70629635791348,
        51.094172832266004,
        50.48357260704018,
        49.45337771294108,
        51.79666627776807,
        50.705583962648646,
        51.52001095562219,
        50.014299743874744,
        49.82490023768272,
        48.302024070979755,
        48.54821628020232,
        50.86761503502941,
        50.22301937526459,
        49.86209206292926,
        48.49395748114204,
        49.14058484594965,
        48.519265630415894,
        48.23809675462227,
        50.046917946400555,
        50.66053405493615,
        48.14636308251005,
        49.86291436429031,
        49.085525756437534,
        50.71235613971212,
        50.2237400737419,
        47.93256573503216,
        48.65774055595162,
        50.73630386345269,
        50.684877950608346,
        52.17834603721159,
        50.44601257794366,
        51.04494341852652,
        48.53652168092597,
        50.3939035245787,
        50.13672719080637,
        51.1010081833484,
        50.087450072355935,
        49.057068209669715,
        51.64643559842099,
        52.452610221191456,
        51.76079823308572,
        51.891749298637386,
        50.88881256163174,
        51.68152973366391,
        52.13102865771826,
        50.40458427680678,
        53.91594804439264,
        53.15775900141625,
        51.61168208921959,
        51.8969183541299,
        51.904103207172206,
        54.07948287521327,
        51.800378183035605,
        52.378960049455245,
        55.352542989523386,
        53.483636988198526,
        52.76017928902193,
        55.216638203979734,
        54.3141492879832,
        53.42362375983482,
        55.383375708634105,
        56.05751845482456,
        56.3954213252036,
        56.661399634414536,
        55.56918260081779,
        57.328739122449505,
        55.398680890059694,
        55.08542599716198,
        56.54523600252717,
        58.73696681417358,
        58.86503913062586,
        55.52988235953255,
        57.46913188065623,
        59.49833679823341,
        58.38075999574638,
        57.55385522930015,
