{
    "consumption_yearly": 24624.0,
    "consumption_by_month": [
        2586.427490234375,
        2117.968017578125,
        2112.0615234375,
        1823.88623046875,
        1673.6900634765625,
        1496.8719482421875,
        1628.3546142578125,
        1818.5550537109375,
        1978.9251708984375,
        2292.636474609375,
        2420.889404296875,
        2673.73388671875
    ],
    "consumption_by_week": [
        601.1439819335938,
        596.7119750976562,
        584.0634765625,
        571.0223388671875,
        560.6988525390625,
        543.0013427734375,
        528.0446166992188,
        516.15234375,
        502.8908386230469,
        496.63385009765625,
        479.8713684082031,
        466.96923828125,
        455.4593811035156,
        445.2464904785156,
        433.4783935546875,
        419.2295837402344,
        410.602294921875,
        400.4629211425781,
        383.85333251953125,
        375.4435119628906,
        371.3057861328125,
        360.30145263671875,
        349.4671630859375,
        348.76470947265625,
        351.3181457519531,
        352.9093322753906,
        356.75689697265625,
        366.83416748046875,
        365.9665832519531,
        381.2279968261719,
        396.1660461425781,
        400.58074951171875,
        408.1159362792969,
        428.144287109375,
        431.5134582519531,
        448.1384582519531,
        459.2092590332031,
        471.2256774902344,
        482.39453125,
        494.8805236816406,
        504.6812438964844,
        525.6057739257812,
        537.9414672851562,
        546.7968139648438,
        549.7289428710938,
        574.4589233398438,
        575.0043334960938,
        588.34765625,
        603.0458984375,
        601.0245361328125,
        616.641845703125,
        604.5208740234375
    ],
    "consumption_by_day": [
        83.7784632871494,
        86.71308395204626,
        87.30990905092077,
        86.80415615642862,
        84.04729759380277,
        86.00150962979488,
        84.8336488814616,
        86.02744170486515,
        86.42456870743365,
        82.93872390621976,
        85.51535738057606,
        83.68242085718346,
        85.53611277804988,
        84.931490988818,
        85.75830585616373,
        84.3002606632943,
        81.02664846458028,
        81.0059000202064,
        82.27191510453412,
        83.86125396925145,
        84.18331030487248,
        81.6040079325289,
        80.37831068683806,
        83.08704409008078,
        82.60699805288438,
        79.24841664121074,
        81.57696443372589,
        80.86473244960679,
        79.19241515987827,
        80.51568764821717,
        80.40122718184097,
        80.08937852310545,
        80.32470734383567,
        80.58463437540796,
        77.93494537171267,
        78.74093812247176,
        78.45995126415717,
        77.40328268807265,
        78.17648262225454,
        76.51272970950467,
        74.90189972082958,
        77.15020368736715,
        76.5240652015193,
        75.97759161058981,
        74.12445007833675,
        76.29467958332555,
        74.2844570964691,
        74.03368948475885,
        75.14978077072205,
        74.07532583272487,
        75.96934990040323,
        73.55779875679242,
        73.91490916898574,
        72.21197617168923,
        71.55998479825786,
        73.20708603168791,
        71.54491120292616,
        73.31749861175705,
        71.94130323570369,
        70.64887504734479,
        73.30845147965249,
        70.90227442443229,
        69.57160443982828,
        72.40735796540369,
        70.05433222791142,
        71.54429587259665,
        71.6458143323163,
        70.7733190916466,
        67.66780709133609,
        70.88501086354151,
        68.42225013349399,
        70.87871298561356,
        70.64682328110477,
        66.51849857463492,
        68.92915944150418,
        66.29710784192184,
        66.52291113893058,
        65.3235917241235,
        68.01632680708335,
        65.60814753953586,
        66.96140287059114,
        64.60070073656304,
        67.91474281577783,
        66.88841536728036,
        64.02433282765308,
        64.38920270380162,
        65.62226185472643,
        66.06195568516763,
        62.99160093814885,
        66.0342106397174,
        64.67989728855629,
        63.5973100639854,
        63.11513653643291,
        64.92658582699897,
        64.22463547971184,
        63.26239883800636,
        62.32470453866111,
        62.13979384028129,
        61.561292567273284,
        63.394560792236376,
        62.70553041458184,
        60.643238412314886,
        61.389095745822424,
        62.37425555929529,
        59.7544965189655,
        60.403326360687146,
        61.48021897308948,
        62.02635453164166,
        58.727257086882624,
        57.75206178171414,
        59.25442589728519,
        57.930014023618945,
        60.61998569931972,
        58.72780849114362,
        58.45585823743785,
        58.335409965911424,
        57.7872045802135,
        57.03394211069176,
        57.98616102241801,
        57.27329949699534,
        56.95901513534171,
        54.86992456316381,
        57.006354615171055,
        58.25904049928819,
        57.93673171030909,
        56.50264175916387,
        54.673144746532465,
        56.30626894346105,
        53.71243301541541,
        53.80379544312807,
        53.56407995184412,
        56.205749824209356,
        53.93194149547755,
        54.15293212898823,
        55.654461579827874,
        52.503484520878466,
        52.528557852151884,
        54.80755903608064,
        51.73923983826513,
        52.40136726140327,
        53.09828755570061,
        52.132009870744156,
        53.56425195138832,
        53.72816287035868,
        53.03367028365569,
        51.870925872098084,
        52.22254926902922,
        52.336992524744275,
        51.23630057257839,
        50.43229604002349,
        52.5158835721668,
        50.543049600444185,
        52.683387156993305,
        48.897618004126166,
        50.24698491049103,
        48.90769929008781,
        51.86538864900626,
        48.71299245618183,
        51.224277189659745,
        48.39751045854439,
        48.45638545214976,
        50.364937754522366,
        49.574025574178464,
        49.274871785256735,
        47.844356621711164,
        49.941142088822666,
        49.73002590568036,
        50.379425837100065,
        49.08195380502171,
        50.52219474698974,
        50.63775800795909,
        50.313507390543855,
        49.89826891512895,
        49.44401576154209,
        49.764538320533894,
        50.77181413732871,
        50.18667774584511,
        50.50351754699413,
        48.56710278530561,
        49.856027917499205,
        50.280517859689695,
        51.08776844414198,
        49.03258835645532,
        50.718461400377684,
        50.02190785749702,
        52.135168720798575,
        51.74895042821427,
        51.88774759094029,
        49.55614588830153,
        51.14024952024475,
        50.94609982087611,
        52.85632034482165,
        50.052382884799975,
        52.91672764853871,
        53.50577609469577,
        53.76070345471618,
        52.102197800365865,
        50.433794721035724,
        51.47123022685758,
        51.39597807386168,
        52.03377207320623,
        52.177424356695404,
        54.69626097095842,
        54.068818041331724,
        54.54838783244607,
        54.63859257212441,
        54.346690697444465,
        54.00638297847382,
        54.99457112885308,
        52.96863909047,
        56.60190316852766,
        56.503011982142105,
        54.154329163903945,
        55.95501872098597,
        56.558518955062766,
        57.003697179845055,
        57.73364300939229,
        55.439140924753346,
        57.73618462929491,
        56.7960982335564,
        55.538024022727946,
        56.17855211779737,
        59.18126015161225,
        58.055568819179676,
        58.84541352915259,
        59.12027921548098,
        56.44409678478718,
