{
    "consumption_yearly": 14364.0,
    "consumption_by_month": [
        1506.6700439453125,
        1241.945068359375,
        1234.2752685546875,
        1062.875732421875,
        973.6728515625,
        879.8084106445312,
        953.370361328125,
        1066.584716796875,
        1155.090576171875,
        1330.3592529296875,
        1409.8778076171875,
        1549.4698486328125
    ],
    "consumption_by_week": [
        347.8169250488281,
        343.6031494140625,
        342.7341003417969,
        334.51202392578125,
        326.26910400390625,
        317.7931823730469,
        310.7248840332031,
        305.4833068847656,
        294.5773620605469,
        285.85888671875,
        281.25946044921875,
        274.90704345703125,
        268.0013427734375,
        258.2904357910156,
        250.22970581054688,
        245.86790466308594,
        240.79730224609375,
        230.95582580566406,
        226.24533081054688,
        221.0962677001953,
        213.65306091308594,
        208.32546997070312,
        207.7654266357422,
        206.49314880371094,
        205.14198303222656,
        204.69821166992188,
        207.26416015625,
        214.36375427246094,
        218.29444885253906,
        223.64051818847656,
        228.86587524414062,
        237.41188049316406,
        240.52011108398438,
        244.80322265625,
        258.6164245605469,
        258.1197509765625,
        269.0847473144531,
        275.3934020996094,
        281.8707275390625,
        286.72650146484375,
        297.19970703125,
        303.03558349609375,
        312.0771179199219,
        316.9261474609375,
        325.12542724609375,
        329.49176025390625,
        334.0341491699219,
        343.2426452636719,
        348.2604064941406,
        353.180419921875,
        351.095458984375,
        352.2547302246094
    ],
    "consumption_by_day": [
        50.29315836675926,
        48.9830189203519,
        48.670498034912704,
        49.23247614775422,
        50.179999299048006,
        49.29314646587417,
        50.21446406611304,
        50.20497504131358,
        49.9804425452164,
        48.110831871315455,
        50.530536821137794,
        48.15898003655123,
        47.94660125364902,
        47.72060783128325,
        49.70906772613376,
        49.43847186072742,
        49.23852849165728,
        49.39972795497859,
        48.752040895979185,
        47.85074655287457,
        47.39536159084175,
        46.57026213937718,
        48.830940718029304,
        48.80274331703274,
        47.63878884452388,
        47.189471094461304,
        47.235035407909066,
        47.29461813031299,
        48.15016170472628,
        48.04807295945511,
        45.60629686349715,
        46.579560905882616,
        46.035112538890544,
        45.68857740283664,
        45.211146099366765,
        46.7112345482872,
        45.68603689252034,
        46.050761638552245,
        44.23922281758239,
        44.646637962182865,
        43.84479802357066,
        45.66431149240279,
        44.12215235854433,
        44.83952349439957,
        43.549413842352706,
        44.63368417273135,
        45.02318570142827,
        44.847625791319615,
        42.759147795309275,
        43.7576937314604,
        44.52278740798033,
        44.53816586867251,
        43.45335652871653,
        42.42557737214654,
        43.59871270579055,
        42.236854499359076,
        42.167733229677964,
        42.37205382001018,
        42.740024188933916,
        40.952644972430356,
        41.90289005103203,
        41.16522363534525,
        42.32662431174598,
        41.38998203660842,
        41.74998789552049,
        40.472937324958856,
        40.0128588919905,
        39.90992403392059,
        39.9226333620658,
        41.450387407798814,
        40.52421116651536,
        39.29043880234606,
        40.731873403979726,
        40.189506201745104,
        39.96678376718961,
        39.565782825395445,
        40.0406871204874,
        40.32592193137035,
        40.34963368013097,
        38.930503696289655,
        38.87532307638909,
        37.7833333281631,
        38.63216469871548,
        39.059985444814096,
        39.46279630541314,
        38.329707265697486,
        38.96948131044812,
        37.97296765617259,
        37.412077514579316,
        36.60597671424156,
        38.298182128368616,
        37.34078392166796,
        38.04415701829064,
        36.186655867639885,
        36.428570326430275,
        36.88777555819267,
        35.935852873108104,
        36.51646413748254,
        35.84917073496273,
        36.10565640044231,
        35.84996739490407,
        35.77899892844405,
        36.304982403697714,
        34.95967363122495,
        34.431073359672546,
        34.49022331870158,
        34.874759445676986,
        35.348151451309064,
        35.66450341687153,
        35.2400592709223,
        33.87006464389388,
        35.429966271004005,
        34.72628393764563,
        34.554083292776966,
        34.64584852723912,
        34.217246323624316,
        34.0823689152833,
        34.87795690540647,
        32.74332836537446,
        33.19287719719428,
        32.347888090412745,
        32.18406408841646,
        32.72731461395642,
        32.208090842961575,
        33.62202261926246,
        33.72339363069525,
        31.659345972850005,
        33.543290115291455,
        32.712168861890376,
        31.735643349317943,
        32.24477712155022,
        31.574585986622353,
        31.825334431810614,
        32.13216463261147,
        31.848271283070694,
        32.407085495851234,
        30.31064760358999,
        32.18177202547623,
        30.13670833044188,
        31.129434871590437,
        31.649035064879826,
        29.94858041135421,
        29.64074169255759,
        29.61205683785016,
        30.228524615342074,
        31.06914558725583,
        30.554789582656472,
        30.20653514045059,
        29.713455732681236,
        29.498413948085997,
        29.297595394789056,
        29.383049403063186,
        29.39335943806057,
        29.882878262644894,
        29.124934151149297,
        29.600528044228064,
        28.981174424249694,
        29.92871615495803,
        30.004705667549306,
        28.95887525397469,
        30.2163132106778,
        29.628978262983335,
        29.443734451346128,
        29.788311198916155,
        29.58828102968169,
        29.04603736957884,
        28.831502741070178,
        29.216120812611287,
        28.33586256751374,
        29.41363273760541,
        29.6795953115881,
        28.760886308520615,
        29.72095372956857,
        29.725815673896914,
        28.55505120807215,
        28.013036492958044,
        29.53534344227123,
        28.476015312550697,
        28.26125130113451,
        29.520363683715196,
        30.793118103046005,
        29.148909429271605,
        29.263313112476315,
        29.66304742213127,
        28.415639978289313,
        29.559599393195217,
        30.04786006310834,
        30.40390792548441,
        28.960610805059925,
        30.547553666902495,
        30.76847836744681,
        30.594829684702354,
        29.71877023685108,
        29.424758690881543,
        30.93180670343899,
        31.427379789700137,
        30.205583718600447,
        31.61748490795032,
        31.226523561398466,
        31.090252976160052,
        31.899296233106924,
        31.176357851156872,
        30.128767378429213,
        31.59141586925849,
        31.005543840170354,
        31.762206290067112,
        32.39705596596825,
        31.800823572960244,
        32.5137149896006,
        31.61958381356879,
        31.17253553485387,
        33.286758165579606,
        31.704270889507512,
        32.281062374030014,
        33.35436803279146,
        33.08117608879162,
        33.03552304154172,
        33.227680911196224,
        32.4949481538309,
        33.539967613434584,
        34.405335182831415,
        34.41109844478315,
        34.2769518608849,
